job_id,start_time,end_time
1,9.901e-06,0.0009699010000000001
2,1.9883e-05,0.000339883
3,2.997e-05,0.00034997
4,3.9903e-05,0.000359903
5,4.9862e-05,0.00036986200000000004
6,5.9916e-05,0.000379916
7,6.9879e-05,0.00038987900000000004
8,7.988e-05,0.00071988
9,8.9964e-05,0.0005699640000000001
10,9.9925e-05,0.00041992500000000003
11,0.000109747,0.000429747
12,0.000119938,0.000439938
17,0.000339883,0.000659883
19,0.00034997,0.00066997
20,0.000359903,0.000679903
23,0.00036986200000000004,0.0006898620000000001
25,0.000379916,0.0006999160000000001
26,0.00038987900000000004,0.0007098790000000001
27,0.00041992500000000003,0.000739925
29,0.000429747,0.000749747
37,0.000439938,0.000759938
38,0.0005699640000000001,0.000889964
39,0.0005699640000000001,0.000889964
45,0.000659883,0.000979883
46,0.00066997,0.00098997
49,0.000679903,0.0009999030000000001
52,0.0006898620000000001,0.001009862
54,0.0006999160000000001,0.001019916
58,0.0007098790000000001,0.001029879
61,0.00071988,0.00103988
68,0.00071988,0.00103988
75,0.000749179,0.001069179
16,0.000759938,0.001239938
82,0.000889964,0.001209964
86,0.000889964,0.001209964
87,0.0009699010000000001,0.0012899010000000002
93,0.0009699010000000001,0.0012899010000000002
18,0.0009699010000000001,0.0014499010000000002
99,0.000988787,0.001308787
100,0.000998746,0.001318746
22,0.001009862,0.0014898620000000002
34,0.001019916,0.001499916
35,0.00103988,0.00151988
41,0.00103988,0.00151988
44,0.001209964,0.001689964
48,0.001209964,0.001689964
50,0.001239938,0.0017199380000000003
51,0.0012899010000000002,0.0017699010000000004
55,0.001308787,0.001788787
62,0.0014499010000000002,0.0019299010000000004
64,0.0014898620000000002,0.001969862
66,0.001499916,0.001979916
77,0.00151988,0.00199988
83,0.00151988,0.00199988
91,0.001689964,0.002169964
94,0.001689964,0.002169964
96,0.0017199380000000003,0.0021999380000000002
13,0.0017699010000000004,0.0024099010000000003
28,0.001788787,0.002428787
30,0.001969862,0.002609862
32,0.001979916,0.002619916
33,0.00199988,0.00263988
40,0.002169964,0.002809964
53,0.002169964,0.002809964
56,0.0021999380000000002,0.002839938
60,0.0024099010000000003,0.0030499010000000003
63,0.002428787,0.003068787
65,0.002609862,0.003249862
70,0.002619916,0.003259916
72,0.00263988,0.0032798799999999998
80,0.002809964,0.003449964
81,0.002809964,0.003449964
90,0.002839938,0.003479938
92,0.0030499010000000003,0.003689901
95,0.003068787,0.003708787
97,0.003249862,0.003889862
14,0.0032798799999999998,0.00423988
15,0.003449964,0.004409964
21,0.003479938,0.004439938
24,0.003689901,0.0046499010000000006
31,0.003889862,0.004849862
36,0.00423988,0.00519988
42,0.004409964,0.005369964
43,0.004439938,0.005399938
47,0.0046499010000000006,0.0056099010000000005
57,0.004849862,0.005809862
59,0.00519988,0.0061598799999999995
67,0.005369964,0.0063299639999999996
69,0.005399938,0.006359938
71,0.0056099010000000005,0.006569901
73,0.005809862,0.006769862
74,0.0061598799999999995,0.0071198799999999994
76,0.0063299639999999996,0.0072899639999999995
78,0.006359938,0.007319938
79,0.006569901,0.007529901
84,0.006769862,0.007729862
85,0.0071198799999999994,0.00807988
88,0.0072899639999999995,0.008249964
89,0.007319938,0.008279938
98,0.007529901,0.008489901000000001
